<?xml version="1.0" encoding="UTF-8"?>
<project-private xmlns="http://www.netbeans.org/ns/project-private/1">
    <editor-bookmarks xmlns="http://www.netbeans.org/ns/editor-bookmarks/2" lastBookmarkId="0"/>
    <open-files xmlns="http://www.netbeans.org/ns/projectui-open-files/2">
        <group>
            <file>file:/C:/Users/varda/OneDrive/Documentos/Daniel%20Vargas%20Arias/U%20Distrital%20Daniel/5°%20Semestre%202025-3/ANÁLISIS%20Y%20DISEÑO%20DE%20SISTEMAS%20-%20CARLOS%20ANDRÉS%20SIERRA%20VIRGUEZ/Workshop%204/Workshop%204%20parte%20de%20david/Workshop%204/Workshop%204/Parte%20A/ETL/src/etl/DataPrep.java</file>
            <file>file:/C:/Users/varda/OneDrive/Documentos/Daniel%20Vargas%20Arias/U%20Distrital%20Daniel/5°%20Semestre%202025-3/ANÁLISIS%20Y%20DISEÑO%20DE%20SISTEMAS%20-%20CARLOS%20ANDRÉS%20SIERRA%20VIRGUEZ/Workshop%204/Workshop%204%20parte%20de%20david/Workshop%204/Workshop%204/Parte%20A/ETL/src/etl/CSVUtils.java</file>
        </group>
    </open-files>
</project-private>
